epoch,steps,cos_sim-Accuracy@1,cos_sim-Accuracy@3,cos_sim-Accuracy@5,cos_sim-Accuracy@10,cos_sim-Precision@1,cos_sim-Recall@1,cos_sim-Precision@3,cos_sim-Recall@3,cos_sim-Precision@5,cos_sim-Recall@5,cos_sim-Precision@10,cos_sim-Recall@10,cos_sim-MRR@10,cos_sim-NDCG@10,cos_sim-MAP@100,dot_score-Accuracy@1,dot_score-Accuracy@3,dot_score-Accuracy@5,dot_score-Accuracy@10,dot_score-Precision@1,dot_score-Recall@1,dot_score-Precision@3,dot_score-Recall@3,dot_score-Precision@5,dot_score-Recall@5,dot_score-Precision@10,dot_score-Recall@10,dot_score-MRR@10,dot_score-NDCG@10,dot_score-MAP@100
-1,-1,1.0,1.0,1.0,1.0,1.0,1.0,0.3333333333333333,1.0,0.2,1.0,0.1,1.0,1.0,1.0,1.0,1.0,1.0,1.0,1.0,1.0,1.0,0.3333333333333333,1.0,0.2,1.0,0.1,1.0,1.0,1.0,1.0
-1,-1,0.4875,0.7291666666666666,0.8083333333333333,0.925,0.4875,0.4875,0.24305555555555552,0.7291666666666666,0.16166666666666665,0.8083333333333333,0.09250000000000001,0.925,0.62869708994709,0.700029740294822,0.6328135286339621,0.4875,0.7291666666666666,0.8083333333333333,0.925,0.4875,0.4875,0.24305555555555552,0.7291666666666666,0.16166666666666665,0.8083333333333333,0.09250000000000001,0.925,0.62869708994709,0.700029740294822,0.6328135286339621
